simTime,connectivity,neurons,memory,CPU,timeout,hasExecuted,setupTime,execTime,startTime,endTime,measureTime,hasEndedInTimeout,hasEndedInError
0.003,0.08429689882678654,5274,16384,16,14400,True,0.13,23.73,1582732136.529453,1582732161.3712094,24.841756343841553,False,False
0.003,0.38767876805593404,330,16384,16,14400,True,0.0,3.9,1582732161.398868,1582732166.0644069,4.665538787841797,False,False
0.003,0.5092509188276256,228,16384,16,14400,True,0.0,3.63,1582732166.09436,1582732170.5603263,4.46596622467041,False,False
0.003,0.05010140258531251,6031,16384,16,14400,True,0.15,23.6,1582732170.590018,1582732195.0846522,24.49463415145874,False,False
